-2238.343530633464,118369.55957767984,477651.65704049706,479291.66412749485,1071452.232692349
-1458.9599404088244,265.4588740686575,2256.2405144058275,12924.96290152997,52495.991325726136
1068.9127506737957,1523.2467035590078,17101.916819149377,58075.216561528665,113267.07843522317
-331.667943826136,1259.490500108321,13867.758628587646,21046.94303921594,49663.3762110625
-430.4055450343329,2015.2115046678168,26681.39985246128,78397.69967619494,113024.39151353517
-21.276031504440283,310386.8978685216,1035974.4968555596,929340.8541434195,1710901.3135516036
1128.1889746986517,386.9371225118262,3834.053661636982,8082.433719414096,40849.61943036818
1611.964736866436,5158.591025377431,41808.27704289582,96599.04496694692,87658.14418604676
-470.94522381302636,179.53007920072287,1317.4861613505868,7675.218370859851,18560.609853501843
62.952588679504316,195.49770153752087,1686.418370787813,18453.924901299913,66163.06038332736
345.86549948723007,205.25785997043724,1487.2262262574213,7139.7933212575645,22619.362464847938
-512.1688025443004,477.9200142523075,6489.73965455866,14231.812621435305,58989.300494337
-1500.080448562056,39135.41333288918,254935.34502576097,273826.3217061111,518956.4048192113
-5.707869154668018,131.97939797595174,1649.9765894526558,9215.85203561407,34182.53555201133
-1203.5943227082796,174.00525615723134,1284.4242063142328,6249.403916177785,22079.735062931326
-793.5241866635715,1615.765407489696,17241.610261165864,51995.130732854166,122234.53145246752
1783.8229861721136,2236.3244546271717,30256.876873844572,46866.21868249976,143376.4030348532
157.1966319439946,962.0964667224505,5759.723241012893,37184.52130979962,62288.60966009801
-1726.940079135026,18771.793981797364,165082.16182759317,188698.17648569832,333507.6443115869
720.5591721266268,27.83498377113383,474.1424064765423,2262.065482036235,17973.599611527683
-441.0282833345619,160.19854272897743,2005.4192530678547,7322.700343480102,18764.665332396813
1498.3218527602692,1571.339613764577,15534.650828350255,35499.70631957114,63251.69646929107
-685.1905104035617,2749646.7111000484,15380784.31596275,23923093.95460693,26643048.176522586
272.60067266726315,506.4986140271922,7787.521040696158,35950.95001584402,80212.97649910358
-2234.4334894568096,704.4739682274846,8499.086865675967,29970.65982239977,76507.88572715421
485.15693605509136,40236.95162242787,180452.76732769367,344385.9772244775,375511.7632876299
577.1154060562327,292.24967347715324,2991.7991056455166,11451.854691252325,27718.92436297862
914.2230953736034,2888.787009057204,21457.59157537789,48563.41262720329,75764.23862998866
221.45013979803707,328.2048076487593,7144.481442423181,23907.279049185923,91055.9753816198
-1481.4083243976913,137.86264683919995,2172.5115107888664,8093.541753501816,26519.52926702682
664.2212109795945,16443.456231236047,74091.6556321802,129211.03604312064,220484.6724949637
-1064.828218194019,19585.782457876005,151230.018242248,254740.5717757442,494853.677751228
1215.0209896936808,191.76643140028034,1568.2525093585982,6778.216462310007,25199.007921543638
800.7517117545244,559.8677163759652,8022.030493100672,39394.675809079585,103973.5117083741
-3148.775398295921,15859.685835248472,88740.34335742134,181837.8274231124,220024.05939483162
-116.91551313436364,282.12244234400265,2874.3051699445423,8069.182651098299,33069.04813068038
-575.8922534813692,52155.57599025977,244063.07816281434,275983.9972257756,1164754.806079491
277.09879021466855,107898.49346027475,695865.8487441277,1002250.6946704643,1379480.254297274
-752.7287116371933,589.073274798202,8637.04504614489,29536.975702810832,102637.08097136181
-1002.6262982371284,483.51648661128536,5441.492261673695,21597.921429177182,72706.09355590698
1045.0926216899188,6611.99701877016,40344.293476066436,96510.66570935774,264168.2391125968
894.6345695966136,1089.11050883063,18113.908871114654,46442.39763907815,139425.77143800963
-636.6938166632771,113.40357407164053,457.5741128690248,3104.1532305519972,19446.27441695262
-782.6811987113288,519.5138411735809,4363.961537509443,17669.250720352127,38961.6142135125
-2105.361249007097,152.01098059023644,958.475298875041,3535.0423913688637,18985.386132959964
-49.8215876552686,784.1173283190346,7024.345642013634,16559.967692936676,48376.933874718816
1451.3147557834789,1222.0053143357452,7364.264808165919,32517.92129545589,53257.710827021314
-958.2054275330781,18192.484298264357,124211.75158390301,236208.50528757245,558224.6367280025
-954.722511000518,421.6031667981057,4779.834617106104,12099.321880060339,41651.782305765286
1062.6498843559311,708569.1862841358,1883039.1906951827,2381857.8247419763,4033011.202184836
-96.85915507235579,4694.841565553066,35932.467040178155,78704.39869965648,173104.3619588839
684.8505616149839,56.652232891403166,925.6286108640688,4451.549135440369,21554.909897408783
-184.56714496980635,225.187896004761,4075.109941378199,16559.507740255845,41571.426152702516
1569.4735416305527,999.9936973452727,11343.31880700362,23664.62276459832,67475.80090078336
535.0105691089695,6965.555175712269,51752.12908333776,87633.14066914358,176421.96408167836
-1130.3108286802271,339.23478285433237,4812.91783812447,13276.393044929293,29966.27482353116
1389.3551760817736,10379.011618949804,95769.78223481751,144301.39981339753,354577.58354252035
1372.3637329756866,592.2276064294829,3870.635226119096,20693.256830960396,38326.94101865368
-960.339355722811,2341.8708454633643,10575.208905435327,44166.08644942216,147331.5903133032
-762.1509940338287,20040.23573630687,100404.09564796921,169864.88263781386,336944.2777086503
-350.4468993834333,2998.3227665711465,17569.84350085841,39950.06001461956,110269.64180331778
355.6465574465535,220.48885971070388,2314.4956901325186,7470.090930417706,23759.08690382207
505.72384324061136,1142.4326630119263,9629.975740526052,29762.130938953364,62782.11023831073
518.2008389262461,1312.7077816594249,8959.201283753882,27724.74938425907,43538.438946067035
1077.9283054407424,2819.4305076201754,20444.421725282016,43113.65752187937,99942.24440385377
-181.14232082250354,85.449345481547,1131.231779762487,4980.485464291617,29238.630860528006
834.9335815456836,189.45565014232216,2977.748960339133,17789.93301137156,34761.31232265227
1610.139724282836,146.24144569843196,1902.8831679275206,9125.632643895871,34094.95274959426
-1316.2843695154877,76414.1347629294,499914.89624745905,765203.6893043312,1555325.1336842603
-689.6915484757778,3879.394474382695,46774.64837654767,83725.67082262831,159182.56535975428
-1036.7866911909982,27701.65305359131,241848.88676665555,338900.7842036447,598443.5920768365
197.43258379411924,37.658089502647286,534.9298585725198,4160.963627682428,22955.12450974163
-18.692405089412915,837.420936242793,6082.271750182152,24472.726983530876,51827.85564201044
-882.7489903274794,447.7829139899051,3388.109246863496,20696.11056250491,32276.016987507574
-100.71902806186736,471.77255160639834,2953.1562614720833,13519.13820310411,29667.562198051746
16.044727625932566,988.7553184246959,7133.005402077489,24845.505990767084,58096.70500032428
-1038.8987068659653,757.0797057644055,7681.233787469591,15905.583461287275,53247.98433190284
171.3074920585628,11610.81165710932,43211.018969024284,115926.17444371291,255729.74122411935
-2589.0191572822096,140.408380346084,4166.176209067978,17096.955205060254,46484.5957843765
-1486.9770476252486,9568.009508355895,78847.74531049267,164802.44922112167,320944.44189155294
58.3446090174734,36975.99501239024,187920.6331958543,244584.67353561494,483504.7983454843
210.42470471721214,205.815642188102,2052.88889218403,14589.669308499111,68041.40275910849
662.939040646024,8595.204866598813,65353.124935513224,130198.61349766946,249671.57254274827
-1357.102186454691,546.7579471518068,4659.4097518014605,15471.88112029053,49123.52995553434
-24.867422448053574,827.1090494179392,8058.218498606589,20323.011572437994,66192.4000954575
-767.8143295868131,670.3377583719866,8128.5023344281135,19105.68566790121,83222.32054295487
40.94209279926625,134.7315925071748,1004.1891337297668,5250.052135101847,24233.913524806823
-321.1826519657424,862.1520780118145,7798.760787891523,23621.071577432664,34530.99135983012
-542.2628462614664,1458.5758669913891,14225.589150893953,21720.20814488749,81355.17133559185
1005.2773318297093,72.00625575315121,708.1024915940028,4892.952596570474,28559.779665614493
661.2493610559802,446594.375419453,2173513.216776728,1965306.049832985,3499175.975306131
-885.2659829159159,93.20539072035777,1324.0834184764747,6808.55306050734,44315.89908123606
765.6520017896398,108806.74221903303,690197.6039011518,918423.541504666,1033301.8470562733
513.1337289459689,244155.8115743142,874829.2261652012,1204938.6472217545,1792610.7909187565
-826.191250926961,74100.52638275891,382474.2604058411,443692.7722160139,868901.0468249102
128.23316099420356,181.72302435251083,2001.3067190559855,13083.600397411152,33466.44496801435
-830.1806014205309,266.40792653770137,4153.327080981439,16941.69970093731,23011.186848881895
298.38884893350695,1679.451641443332,17169.37747609447,49362.05671895608,82840.05925248335
394.1703130494568,3733.031448766097,33856.404492624824,59745.819067414945,79643.25274595863
-292.1942679132807,17452.359629349976,55751.9744782146,138066.51825719155,146048.78747182223
-1611.2785367520544,17081.317959585616,107933.20036304068,163682.85869491054,309568.4667108882
-797.7018580577243,3004.3502310404933,35129.7795423033,57583.541263231644,154207.059896464
892.6938365530192,1147.3791806476295,10655.431391703516,27648.880894298178,44504.79031638154
-172.62552892577975,129.88572280459454,1740.932410524068,6163.163749710494,18290.428114281982
1296.2244221715246,7283.404515488773,55401.80931723816,71050.91586065904,212842.9644156336
825.1473211281611,180.7227825325248,1223.3011370340175,5800.027081638998,20747.178630455004
351.89631503301183,356.9907074581704,2512.3710609252544,9692.30197946036,27375.020785590586
-1622.9863490890757,998.7134588212264,9071.014905843967,28763.987414427804,73453.37086765115
978.9642845742214,5596.0602360133125,37566.786579602674,42504.873565293114,129404.15414523511
300.18564031150635,1496.2642815230793,11826.965073068373,21052.450144474038,61824.275972402305
-261.50532439718864,317.19120808234663,5079.470772275369,12752.287964360086,57829.379276220905
-574.0475675412479,1423.97324874228,13255.178682787586,33415.31464289609,51553.95934231359
465.4721930927361,3253.170501791027,33016.704266104716,73214.00637176368,178074.47989502468
-70.38858874327077,4847.036849931519,38180.97785738994,52120.26281255815,111696.27216107694
-326.17118732013296,4029.9748178416744,40112.55850371489,56937.43517472219,213045.22338382713
1852.1701759602106,255.0321876887668,1438.4433334703594,14038.551224627892,22221.955300491907
-1092.409720353753,599.8540785463339,3646.530209275311,17147.056403941715,29681.541281339098
1805.189683764303,47.80601318152467,702.9057564318831,3058.5264076466683,22081.749131650213
-1466.1633910952676,780.3805830459278,13930.099024053347,18491.11079186136,137330.16423307068
603.2006701743437,197.94394096229647,1032.5625951139275,7020.975001942119,23340.71950328887
270.66362614335935,12482.464741077929,85902.45023508747,129949.03226228041,180766.02311628035
370.71141321343947,1116.2839708496927,6516.305927585401,47559.49004047617,118912.80323811177
829.3540080671983,12648.75747264549,51846.42002409836,163432.53029680563,274147.25520805083
-1371.543313267922,2710.662088184833,21592.679377695677,46846.779655813465,103928.03334653935
-1411.4751570697997,149.6620690291237,1744.3058269128524,9173.887423784387,55932.883335848855
758.9135480925867,344.309257720502,1686.6840782505726,12470.732329432694,23596.15562285034
798.1773033587597,353.78594060151727,3313.9931191521196,12581.50645133005,28053.501225248165
-665.0169411845209,708656.9319940377,3158333.174855232,5591067.199578256,7470120.178965225
212.95312202198323,228.7704700066266,1327.7707461427863,6948.387365362358,19230.989146089658
-731.0986537866495,735.9017116937612,6010.030348154483,19095.350904360974,37183.47762778132
460.80217701309266,1050.808588281568,12776.435845196325,38355.50232263861,88536.60489363722
769.5294313957808,156.22643378081017,762.8284316792958,4503.9728653767825,18216.84855397884
-88.94577819821231,1042540.7282231522,3053701.675308795,5589127.828077666,7232799.54474738
838.3926943385167,180.33522289797858,1005.5946702476665,5453.984766567419,16980.26816182414
-1293.7697847857792,15836.486330735188,94593.0061875072,170552.45905870787,427610.99590969126
1141.6565039907246,798.9035342334406,5791.10946705733,31813.486122665337,59196.91934853288
-2.210688237747277,601.6478826394128,6615.443181944394,24434.215616373735,58484.61093707818
-148.29191874336806,247.3037028122298,2651.478935851721,13461.850091638995,40334.90116213483
-539.4357765489121,34464.3806868266,197633.9502476719,282190.352768659,534661.6715247722
228.81110699765742,169.94020987845326,1582.2968705522262,10942.631032922087,38831.73340614756
-1695.5840102860395,9955.549489086661,40720.43194260406,94947.41347169143,182577.22478151036
-610.373856878342,231.41995102175605,2783.0302392454005,8284.751611382808,29958.963439945823
770.9160912646796,93.36677648451236,1308.1509245222321,7451.28795544465,27019.04199308444
141.5573659756312,901.1417681333617,8087.401538316534,21322.207232565466,55080.14956600304
590.7642003467516,2927.195895677614,30533.052808332734,65966.01118871504,205443.87886952647
761.719092034124,852.1701121562687,8054.05763506787,23149.471103380718,56742.39478808833
958.3040260837558,380.56684752190756,2009.893444368851,13165.374528441636,25162.759940793847
-756.579103016889,8742.449015397502,57740.51989591948,110445.83698643118,149887.3135456316
1569.7550790152236,1853.7612999950024,18027.717006053826,47637.74361528193,145689.9725096061
-575.6911649821163,20508.073853986647,102403.21445056777,161045.95809566492,350979.06074833556
161.4955735430318,6386.226059349352,50242.718424818144,75833.42449466846,165929.30390472506
-664.1190546662403,415.6748668074972,2051.662486047593,9071.52052935869,28939.595640687243
-1043.2144308434601,2715.0335256025,25955.38631604541,67059.35903012856,149636.87652342216
-515.8333059194733,152.92083201956768,2059.342678289122,14613.802953132683,47433.634485958304
180.01872009162383,428.8404066703659,4602.643395260815,10897.802645895244,43774.994501556546
-832.3592809569996,1704.1788295620236,13317.14527035602,28843.56042082041,65803.3785050096
472.9980835985434,5298.519192295495,42396.16132909404,67034.08414142723,278865.8850696357
1013.4227623996628,227.54553329244132,7678.77259320027,27576.981745650715,56477.94309724067
694.5953673020258,1058.3122982153116,15611.182652711457,37377.935086190395,89847.66782473023
1068.40233969153,589.8847739122375,9819.638355859532,33349.284020653125,80392.32848493809
-64.808792640022,233.2700458432971,1163.292060062418,5480.825205224772,32329.33973840557
-870.8957846609305,109.0934406915257,899.3122935853536,3141.391312217398,18016.22692589875
-1198.1928531210701,11714.324202041422,66073.8447874695,70489.32589355984,230649.3974516944
-429.16485738538233,312.3639119027979,4291.318012056413,15244.115726547723,42369.0167996682
-784.1914277181888,9418.377433308326,64198.906948200194,88617.88316201416,129197.35602128858
-1176.5117481280543,216.27250976334943,3222.594493936996,13390.817105772801,56113.44689043654
-1687.841320360274,42488.50120785484,224963.18125259347,356566.64094024943,465986.7312287849
-536.1442854918109,1164.566705868643,12042.518239360284,25452.504575933526,73489.4527437491
-2519.066520398744,1856.569340668645,28999.454655999925,77830.53015488212,147672.33534814056
-319.0985065778319,1379.9439107730793,9491.487783921795,28080.831978945425,118858.9526954782
-2266.1135254509963,2575.8018774574875,28741.209180516897,47987.21279987744,119605.0705568075
-386.44292873321945,3684.4857980837683,19079.10053125509,65564.36419086067,121714.14098299843
431.87252199446596,406.491460493374,5185.854909287162,15952.540931696309,73428.4809958661
-174.42912034415093,8566.532675816652,82446.8891918269,83201.61567247668,133957.3917944147
-543.8083930510145,134.09901666094177,1047.7156249023917,5525.365519590048,15155.16478142553
590.1148293931006,3916.972959603302,28916.553487812904,59643.161008796465,192602.51899707053
513.1235497492662,199.85711044858,2994.9269313143072,11588.933368101883,35387.94287405029
292.8186101761226,1811.404257163577,25935.821054474476,39184.62516493152,112670.52794523982
282.28279029687116,12455.436284276177,54051.91248537839,125995.8660544166,310730.6294461368
-609.188898308947,248.76287131143152,2338.9261882901405,11210.418535537701,23674.623719177347
-232.81042812392985,225.48009495274525,1780.8772788281208,8443.928158387916,23352.54204261911
50.44942109709612,3559.296977751678,30061.888095597613,79733.58210804968,112551.61025901738
533.867854613194,2953.979535413716,29003.352276030648,34389.20022439368,128734.69104463307
-1292.2521337424873,42819.13383311362,181727.89423444282,362087.0845511108,810689.8643913943
-787.9389447806718,299.47264444141126,4180.946064437834,12157.204222452776,23870.578051091972
-450.1828128860612,255.6389249966524,1342.6125880387872,11228.57005157868,31272.907733317057
644.3394634031222,3416.1727528963766,22285.292877023967,75479.42966613133,142576.01794972186
1190.4361916472797,536.0956910833398,4528.472673622865,17042.364722818184,28256.34180777567
1145.6887425168347,1322.188464600563,11601.045284237322,48810.323662431576,91770.29328814038
-716.8247512800465,719.8961901264514,7533.881285542888,31392.88220659812,58929.643055032364
389.79372802240806,10324.269124300845,43283.897277686614,100998.94763575502,171897.19965818533
-339.1454873352784,356.90719374753075,6149.059790254638,19148.895188536248,81304.81692497758
-396.2296012228703,11844.42953825893,61769.89654649658,131214.00055712688,217637.95378403188
-964.1034539782196,154304.76317115055,898365.5018887977,1165263.1910195807,2003084.7676861617
-1715.8842670592012,192.20559915304938,1496.4969883127674,10950.040871855179,36999.18141715353
-164.44040169604136,59.67872304039304,870.6269767052828,5342.211821825767,28923.89174436298
-15.935751042187349,111.68760199472185,1124.6275148565574,4716.3320717656225,33426.8197615925
-171.24021447683197,760.6195373831775,9142.183260235384,30291.01262368822,51807.58746475725
1852.5986327972025,47.47842368539684,743.6635493922141,3811.07907174692,22773.437718581696
310.9770364789125,6247.99476270602,83967.27142062137,131555.114960052,261392.76405240857
415.23886637374324,189.86576709363825,2880.5677155640697,14962.005604859303,54536.639051996804
575.6863143816695,1303.3460891567206,18406.28620054414,28625.569980968226,65448.8921258324
-948.1417293324073,269849.54756389774,970628.9999157483,1560843.663627914,1502530.2286286699
-1294.2271705948792,350.75878244208224,2565.2869224944498,9092.11223659703,22878.555895202855
-972.6094780862024,442.77048975411475,3415.9702743390185,11838.505828408011,29306.9194610944
-604.6365860744522,4855.539543891346,32212.084435486326,62068.6410199246,112774.300369955
1490.6021620726467,406.4595851187222,2419.355502621109,14925.469601233945,24662.483169014016
503.8891446655567,45577.53176517744,399267.9060804312,504096.89832583186,655838.0514904135
81.90843959431837,706.4877640839853,9451.5937108533,21264.857260367167,45141.92498083632
671.1244485561202,122.45826890106365,883.1745925021826,3337.2204345067744,14426.820545321592
-845.6287021896244,3972.1537886992287,39041.49245217653,106718.54071719968,194402.1542753547
2159.8930771311448,1993.3445835231594,19543.759629653647,38662.089529573044,61755.03708008432
161.97240704454947,2860.3072441044837,26101.442211047142,62887.53734809534,233962.15280712012
418.6381422885968,3783.0412812191876,28533.623336946017,43676.16756732203,122350.79711573968
-104.51809752730514,250.00451725488307,2792.6978197329026,13602.555218074674,44855.84487813461
-465.3659333700551,1070.2544030744448,14450.592377021563,28853.435794775563,53352.817852769396
845.1672271204051,1364.7424210025208,11562.612238744883,35836.765651442336,97502.4118548505
-743.3083712735353,557.8723466604406,4851.85742438958,22257.664112389182,26489.25006993663
1318.5576503843035,6114.983418419128,33081.14738723003,70898.84315388266,120829.88890227697
27.237302933212163,336.4520525380592,2673.930860082634,26120.349396832014,75755.92530428052
-44.38643799860986,500.5564568504738,4653.888955078692,21127.98170282714,23263.4784747967
1040.8069330235137,2910.751092247361,17774.40207957624,60463.43076798718,160288.5176855658
-1076.044145093278,1426.3232073037193,17236.47817463679,43495.85213559259,141591.32336269543
-1069.6009102400235,213.54350126688212,1410.120500361122,5128.286906032636,20333.653267061396
24.238874761094607,1091.2091541641923,11269.119088453252,48138.72449742337,113302.10913652211
-481.24594093109266,27236.389271570435,126644.98262800906,232013.75047058912,485220.19432857726
-1415.188909250143,208394.65569856475,637666.9956406584,1053418.3511800896,1477751.2570726958
-127.92482609696043,12118.666696824654,58239.04301048132,109124.82251727881,251846.2211930491
247.6048675340872,668.369783337153,7402.406836255064,23239.475849026723,81154.17449866497
505.99344124920344,157.4141305824822,1450.5196330679735,7916.125042053583,14628.377310645174
617.0506608105592,4229.828482363351,31108.59665776766,73965.90630409487,192268.39142625194
515.6090739061459,6223.488381139676,48390.47776460186,83578.8902067149,116924.17070506807
-483.0850528913903,11358.77873725235,43065.04608479794,73237.38019980467,166896.13808407565
1303.6671243067308,619.2251288367453,5813.760020862104,16470.56447805369,26097.545671686723
1417.4396616059153,1350.8199454118026,11853.411178964461,32069.941212619928,63218.57303665036
1011.3780925582714,30063.820350385962,278420.8310705736,240826.5878093114,482759.9936737354
782.0007300219509,13633.80576233169,99605.195887776,103904.15539220875,320078.74401443615
-1090.661368159629,566.0351143897531,6377.0080501704515,20807.62994444468,35960.68812674211
-1464.6900532537281,7611.536258879223,73349.13104217968,110912.13846295062,142583.24209010543
236.2088378362987,165.82709397940548,3283.029443437524,9568.447601440546,42041.759858909034
233.92463039288288,489.87152662139073,7365.2910159596095,19138.441811782464,61179.49144025345
-776.4154120293987,1098.4430214980744,8763.834024599651,32722.96939306377,107735.01229810115
-576.2049267999407,16409.91775830755,199074.57744898804,230555.1897412816,633724.8935594864
-257.0777035056698,106.21441892032124,1384.165049475953,6063.4677410593295,32735.64728757977
67.68767886745977,27760.239188108084,196627.30027574574,166720.89661516686,393703.2074789037
1473.4839850662975,158.02553534214692,2914.7116076696398,11776.329420057858,48658.29163460756
-417.33790864398014,704.310214617788,6516.586912988322,21369.11598210592,101361.62344317278
-494.02863660143316,148.31051318175162,2956.746477543398,17905.431418941404,63487.88953095463
1317.3633883888024,807.6141457423018,7989.214516798542,31295.42434126122,95699.41225755651
-1435.5278390978688,1660.2931529969937,10682.809167996063,38803.02100670362,66918.0359800754
137.67907828343485,4473.753863967778,45297.53713516393,67610.87876085978,241453.005339444
116.88188070182622,9965.59711289738,105270.59387682442,131108.30808357053,149506.44520296904
419.9897692310792,5354.539298261535,59661.90683486523,79483.56171905149,248352.6380433676
-44.8047262822392,3335.320793321484,22255.71081416947,60273.58008373696,86450.11586225603
-1028.5536568287039,1226.0341828955204,10842.555192232832,30726.047026634566,67833.09804878704
-982.1447319498193,560610.68207125,1029134.1590224254,1991602.5933780833,2514450.3442933313
-863.061784382556,6836.036064723704,43926.188916384875,94913.6342730375,390474.74038151687
934.4483627003458,24398.15347444608,163815.2067526104,267425.6068712091,726762.3171845279
641.7067994588422,5602.686419245149,32974.89006958183,89596.47540316882,134777.56607351423
292.53683285802543,300.40775860842837,3795.5815334292943,6439.316517856339,33788.392460340154
-1475.8568267086405,25015.36010759755,137533.8099826394,186869.19637350674,655043.1329976383
1586.7179575317703,841.0319323329727,6623.834007987122,25443.895888536816,37070.6042525318
-517.6704309378795,354962.30101885885,777430.2644602228,1690212.008927029,1305130.245857705
253.05624087076245,346.8076324683545,2834.17359356743,11266.836081406816,27345.870859041384
-1148.813477821162,570.1759691051351,4383.9930469309265,16373.436376347654,49142.11455360301
-720.0158368200377,359.8507384080667,3973.1212763867843,21345.963003376375,47498.48456553251
2.8219492193668856,30692.61169633767,217822.1302528259,280343.38323290105,562318.6197898338
811.4458158164042,197.1708189669472,1847.9320086712642,10519.768891941745,37903.382749445365
317.5373622768863,1317.4436907039567,15106.638078828062,38220.64678916817,39555.33177466325
-1852.0783692111045,190.43233101356742,2885.8644983892964,11113.401127601262,46699.404395126534
1419.1529942273628,133.08676098249455,1339.7849729507202,5596.215681588899,23415.273438912584
770.0652771729216,49374.38519284151,231696.04429776128,267562.1164047611,438046.4958338996
-663.6274042497564,542.7712350209456,3793.486789784298,17583.03200763538,33430.20335730397
267.5490097044678,743.2518303439438,9147.829852616289,23822.981178902075,38155.036648849324
1451.416448254186,11475.846064647012,90305.24570420024,132803.6377572421,240918.55797036766
-629.2740290289682,1046.4527285225977,13267.966774280734,27510.096819193386,66655.1171342859
-1073.445855434405,4697.119953194781,26051.89829958086,33179.79106861814,122104.68785541151
374.4656703646805,264.3291286797136,1778.05055057676,12110.644989676384,27852.326923525914
251.25649891321876,1356.0067865281208,23390.24736997334,63771.38600322559,99733.00614504243
-688.2412442575868,65.25979352288937,1435.536456353799,7342.380746338646,30449.21462261577
283.6262754684832,4406.349176522253,26946.09990548651,69080.60526443127,133134.6077674416
-451.73079735617773,633.1347851271553,9163.065522556719,27525.489049757838,50143.70823497143
1823.773059608714,268.9023295067355,2706.083900910774,12313.837739283155,22613.946312078224
-772.8795784385136,364.0593875021203,1652.7438294307567,9675.0841215348,31832.441390820582
971.5949913681138,274.70595823031573,2113.962117328413,9941.483066255078,28397.027145699005
913.3288055599564,147.3513669563343,2890.852691799033,13350.613252709167,65499.23287384787
328.43093445945,1533.2657375490417,23171.06274757391,40354.5449182984,109351.46578145432
1850.802703205055,2921.9933896777197,36352.67329784453,80465.51437935053,169537.13732452423
-153.9259727647008,204.80105515061865,2672.9227656283147,14781.33351350504,30640.737778302402
11.460247926538088,294361.5168188587,473496.764344729,1012370.9644942984,1529770.3625760842
1501.2554978621688,3603.943776326893,30306.852466316548,58075.39659624003,103632.9231831409
-275.1817440039462,13272.89949664752,60505.1465146212,75882.85679055785,239648.32532603003
-776.5795761616553,478.56261399604665,4487.59156957226,16099.861707691542,36669.709213531976
654.0228463427533,2943.786706058449,31732.81464358949,53165.715343736294,77601.37504502921
-804.3757451746415,1616.1514484743782,15037.68607134729,37097.266096842766,154324.14096441463
-356.1153525826304,411118.5999643217,1059228.6946129408,2039268.168580884,3219399.456590474
-1805.5223455676153,1028.6725646840457,15697.893057213787,36588.67323048167,86174.7902487606
220.38157329139887,1695.3538908478386,19360.623979597767,47526.693019961516,85578.9205882948
-1167.2451715019024,1753.302862831055,19674.98168786798,30684.708611330392,134741.11245229028
-1556.0376311103212,2984.859412745795,27137.514566069876,49939.89975995258,107054.25364721463
948.0874663105865,116.02845869380523,1806.0778840943706,9411.132685714867,39280.67594618827
-381.6909650582629,80725.8817842003,469752.1803451538,653443.2710636703,878434.1455440847
-975.7195121667596,520.8125318139736,9362.476464775953,22783.780549288134,75908.88584362574
1901.0679538417562,592.565767880219,6373.267958486036,18896.2023680661,32202.95735981273
-387.419197773629,1940.4536914742048,19228.848099072955,36480.93373388707,117149.01668431303
1717.5588179752826,137.53041601190432,1127.5909940121287,4647.837535224722,15382.352429273857
699.2623903599232,233.33920372171679,5231.434257998133,21505.036518730725,51788.00845434831
531.3316392356741,1939.9382468523754,14666.013322918348,43182.48243506632,142617.99723105415
-975.3581782135418,9792.827851310964,56778.0481288538,129884.0672831006,415768.8910716107
-414.33918881529996,3313.0579912562403,27141.25195434829,35609.02704916053,123606.00670562772
-1208.5927068421597,201.5772822359114,1645.8053424276857,6324.684366940756,31026.762204701117
-565.7672384792626,96436.31236453801,635526.3538616296,1009985.0737834234,1362260.6905613267
-874.5492268927463,59.05567527960461,1070.3247686427333,3052.443163733425,18428.365722422677
-524.1481128394373,8595.491533687775,103700.41803543296,130173.43105369274,285453.1780048839
176.47842744182117,36.65040842072794,629.8188319302532,3271.3924276572393,24712.479684818565
1148.4991777223306,926.2666969157546,7367.299750655046,41877.83615774179,91046.95972254137
-336.079482683096,581.6576604506571,11240.222830683208,26293.27420369721,78497.8830732635
324.1142869979753,1028.1371302669554,14973.213320651026,40953.33042896321,90102.842035565
240.46257569051443,6214.509858600073,55613.477876293146,110187.49279727598,245160.82047716063
-1063.3593170874296,370.9184020421809,4997.362255615777,30648.141416819024,63474.10358998101
-1594.5373996433202,91.34295423752985,1033.1382037888616,4342.966371236791,34759.021065407505
-78.39543746340705,29039.448341534604,169652.22883114425,324016.4504345078,601826.7291723018
284.2672017296813,178.51307841629352,741.5900076412048,4184.4053871054875,12371.158714287423
709.7035759405564,14830.404719881426,133178.94706429503,167928.53750409372,215325.81827329253
-2361.442614792718,419.9884031529346,5829.2859868046135,17257.94024827886,57573.91059739159
-951.9206088557693,18385.866762744754,69811.04881163317,209450.00617130392,352954.45331958163
-660.3952280749768,1078.7452517259521,11075.392761116984,27602.58941003942,54633.98688294208
-468.4062620393075,15807.612901215221,127409.88395862152,271094.83935322205,479518.0641362333
-1149.7176969029022,3999.033551929898,28464.70316111203,67461.59662157018,143673.92089913008
432.8244648234264,302.73596618328514,4308.19344779374,14231.393969423487,49348.40358405984
1450.3115835965248,1015.3629771338967,15987.622514707098,31744.977082888097,89636.16363303852
-1806.6548331932552,1342.3053472325403,12882.49252484518,22300.79959179212,64590.066497555075
917.5462724004351,129.3124499687247,1634.2882804684527,5822.079430686637,42149.527654450096
35.156668103696234,852.8929884372985,8561.278411377245,27158.958936864954,53627.394068181115
573.4600371327476,178495.4090925435,538194.2948032435,907103.2068233994,1272591.795471779
-1120.4451409300195,6126.579461743262,60667.45357575608,109588.55091922903,159239.20137594917
-35.58830313578187,3767.7603920503675,28224.034198910307,55747.92122315707,137981.13513335114
-262.07428990117154,14725.900561604387,98532.78580495395,196677.20563334573,432617.3844276118
492.05098907815284,2369.672086820865,19647.044711975577,16573.76668019118,111554.35792306426
-1372.7402417559974,1616.699696560731,9888.455045905455,30856.773944291726,63600.707142853105
-1187.743963505272,228.1674378199579,2320.9552636794133,17204.4364962097,45731.01531212586
1316.7873092079733,16510.430182888478,98616.50381952172,222537.77500698005,226161.35811014817
-1066.7311784096642,1044.9764136380672,6947.935335149076,25100.894997022715,65821.99796077606
-1197.9911479583411,52.8075844890494,813.2021540438485,2917.3918125109694,24183.051175832497
214.50107356441356,174.34259684944223,1179.5812161801878,6958.742347877327,23358.291992244205
-381.9143846659103,6453.73904384529,60131.5758235308,86677.67725388685,124794.95243759057
967.5862499680991,151.8126757734057,1193.2932342167833,6409.88642169951,13183.960298021715
853.175092533645,80.06353576418233,1004.4036525146163,4639.015951673315,22932.980793876603
-1247.8560694937878,5736507.109309868,13201787.324953606,29380839.774120755,20585231.36249274
1896.836453004056,642.9336526048826,5558.847923552665,24112.81965158323,51542.34636012041
-934.9318912257826,75224.41710237529,251465.0641361183,706348.682315126,1537267.4527506023
903.2715144459877,1530.5116276408355,13050.603708471906,41739.59757815437,86008.44152199433
2126.477228874442,869.076441017367,14997.642892539143,34908.45526337432,94490.35596252831
1284.4748403411272,1789.970622962996,19699.62997477039,51261.97869280753,142749.81928770774
5.2884116617039325,12867.978805866545,96858.01416241519,180333.98488200243,226532.80971774008
-2295.4583187919798,3070.583572280637,26197.206168325414,76969.11189326728,120938.75933269257
-439.1640800536111,161.82113656785,1790.931286037735,11342.61476201373,49207.027447210654
1465.4967229112165,963.2795051637727,15105.592055076751,45240.99239546355,86803.79130290708
-382.95731604212887,1542.9155264329079,19567.230401134322,48375.785088860546,117797.87885840586
-741.759748395722,6305.804071938405,61548.90692328567,131283.81923196738,302441.826553954
180.48189295760648,38393.596807392634,189684.69446383038,230262.7143393217,972392.8007930161
1693.2887394121046,12945.69570132453,95502.50257274864,191507.80293101034,319764.9656445987
76.33638485634336,2018.5613542320143,21858.234312534925,60935.671967217786,93085.6948934678
-37.51218819590268,586.9618377694009,6108.474938512198,14470.619482533415,45876.67761229942
-163.15440994850445,151.19724832658983,1190.2447576879833,5385.804744028347,20442.784856913517
286.8960383553685,1344.636735059826,10781.744023397834,21061.92422409825,57096.66625199122
-201.04594731033876,1761.2534593970613,21471.307812988565,41287.50991677107,118047.39308322757
833.9458036560894,16647.0050864084,97937.34037886102,150921.48278620472,539533.9265125316
897.1055124349929,1802.1107718644587,26001.486865171773,46241.435827089175,97681.1296413404
-1296.6348827937047,38415.40388076634,147991.1407501952,321384.8836987762,387864.7531316442
-1539.6433848087838,132084.96768910368,439111.5777347127,1332816.5728162783,2059601.9648197088
925.1843039928981,36091.56065195952,148522.95740397758,272082.9770205547,335327.07441895554
1185.011747308289,7516.099387532745,59011.49683112122,82376.36850241524,157674.8150110753
-610.2789543460876,855.3770839942389,10169.294157088414,32452.76044899388,91470.34483683686
515.2350512905687,3063.0652176304297,29537.684039892956,31594.04074943573,87314.73333052779
-161.7660574040233,277.8740779244546,3059.6365503841207,12407.373452986347,43027.077223475404
1840.8242863111382,8981.538538265722,82944.73219748924,132822.44683502358,439595.8124239242
297.31146495863374,518.7031457681732,2615.8941677772764,19332.649872191545,24674.77972246852
-289.0942488207433,182.10388269489422,1264.170915002827,6586.890579250914,36607.84431963057
1545.2810914178908,59.79201582452291,651.8298294873983,5220.165751765824,18056.39433812037
-84.71612500062199,802.8483999299043,8092.324752184662,24135.726627534903,46588.60330133665
-203.6006917135157,388.74893369223906,3564.903432522634,15752.758947620729,40368.60936613608
-812.2885238190507,9526.00449868534,82321.59278452299,157528.71190499738,343547.1505388318
-177.7077394807285,436.85751904360103,8376.684264716985,25093.560134690495,19801.64927300025
261.52242225952887,858.5105424963328,13516.906188546063,34934.80566595727,82414.24787336274
690.7794610242431,1249.966439364743,11749.690699575427,34019.49982123429,45058.481373895454
-854.4236298850607,2786.933826762457,14269.930535597541,13563.231009006744,35631.358813165585
665.9844120453873,98.54480415853743,1303.3242550839987,5049.213970025488,34295.72136882478
1493.710589499461,1219.9267053128137,7612.1111904379,23484.809852443803,77800.638670801
1540.8308433508,204.54013515746786,2675.944992885596,11823.150652877826,45374.924935042276
-667.6855687205343,63.3088143394696,801.5477173929954,4763.581048887071,36782.709826484446
-2005.964978867483,407.2815135443884,4432.303849414059,17457.766521683956,36026.23500917523
-1234.7791699730385,501.80200069357306,5972.101746594376,20416.050580195624,84237.33355967273
-408.9192749032918,9409.159469316364,64988.06357743791,103718.80975606789,235852.12828726962
1393.7931920429646,8635.562185695913,101439.74928256201,133905.27749165238,216997.58599216206
-1198.0623179509546,21613.525116083692,117319.16456344265,315583.4213198719,530289.4593368404
1787.3757325055165,114.4028531049808,1889.8764837850233,9566.276295871703,30798.85123229479
-88.70722986815049,5424.6596640444095,32361.803145145564,66105.3043768063,121857.92685771841
1473.0763701324415,477.8868523247385,8348.919662630304,26416.078988859314,57370.727893741576
-1906.7294903494371,1418.0763098668642,12061.589553992479,41988.93157457085,80420.56266390008
-594.9828563314651,581.7564998052064,6018.454070383493,21269.288035591868,37765.10121095145
403.47145558957396,36219.07401527358,235074.85025858463,271269.5720391492,422543.16653505445
-2316.1240851813072,1257.983639031765,17335.47169228243,34351.26859736936,48278.34814826217
-2585.145752936865,13308.446605346257,113406.68694184591,118453.12140860499,159892.05597853375
-601.8632014134066,249.4925947230246,2488.4616182907466,10158.562738923023,43261.131295063715
-2337.9827361853,3138.6835167856834,25096.598847492085,48053.238064536774,114725.85216355229
809.7431383804326,904.2975683423018,9576.091344375505,33122.24541126164,63426.41566457684
-1069.6524602793174,307.39615896206305,6287.814837821253,24815.74236746201,64632.71120692942
183.65271858568337,328.408905615971,4773.98236825326,18671.30497223375,89471.10903905533
-762.0183335375111,562.9628329892264,2292.147861610456,15785.870813706852,35882.66118773911
-1756.363752748105,758.226090022983,7963.0259647024695,28224.17737200734,65536.67289504652
-338.7622272269642,156.59059849962966,3091.940384595945,15067.929244836381,51849.42267270965
-60.59008616629154,2631.784219351147,29572.877772126987,56274.126693340564,85707.21878104673
-337.4150778401626,2735.0934326866286,15892.109145142182,37981.82357770869,93127.95464446631
1346.8923924475991,1623.8409665171212,18402.13415233332,32502.616694684566,86962.41235905628
-524.315473543099,212.78948054569457,1789.2750684607563,4648.512744347885,22222.366655727907
671.6142715133722,4042.6713724961364,23402.09048915954,61632.45178927536,124942.078970994
603.6851845489815,1708.2154727315735,19673.219713213035,53814.6689754101,139076.89688995157
-100.30424379033276,817.3430096069288,7367.961763022064,15248.44699095689,51479.65297707438
572.5739851561362,209.17191209263862,2275.9882292016173,5926.05553519365,44175.236315254384
-879.5611196721921,96.1874620322565,1013.5903388820099,3891.0274520617477,36756.70429785989
-1243.778769507407,1483.427664912649,21927.878527544697,46431.127536981796,81379.31845571131
-404.3532872945927,2006.761429617295,13660.033081418587,29096.645727888827,60093.320966083076
922.4277105902478,14750.07854631126,90862.2149262251,110760.82586030665,250816.07349865773
617.9123238644353,165.92169676190946,1184.7433443300513,5895.875255270446,24021.126152958164
44.346623842443165,585.5198533716764,4226.232142585221,11268.63166369405,43025.28411042345
-491.7371495255591,421.5394516606147,2894.489411674246,16722.337275725076,40119.95274406066
-974.0853517318468,4562.23325344421,40625.79879729255,103169.70049389498,208862.8270832826
74.8568298423526,153.35103885393573,2187.8912044339013,12502.525145713758,53018.76305418894
-631.4879485859133,1036.3356694417273,8353.33585834091,39864.944233228554,108321.16309797077
1048.212985027683,615.1227739817789,4406.091615002944,20533.249473672986,44030.74036458933
-912.9607620233572,528.731943550912,2805.841223843031,16107.321713678151,28151.476279894865
-838.5822868295236,1365.9970574239744,10359.704986739325,26506.565818041534,80528.64461768813
-1675.3580001860491,326.39377404950733,7466.795384631849,30854.109507780235,79002.64168448685
-2612.101686256539,329.946725570128,2998.8869044717826,14805.751880580941,30956.0794612529
-89.35009289099318,8069.200244253166,47855.027452611714,97985.34340912862,117481.87871915827
-1137.280020859223,84.03560193277386,872.39583755845,5113.938573096043,19290.51502908431
-173.7690905309567,8616.263337133802,62485.969186103546,111959.1863300918,217151.35063392267
-873.3051950284729,26894.16980975862,208844.8145951622,264514.7713610381,654932.8276430462
-1717.3396178853086,419.9284390633442,7575.984904402887,26418.287606114092,101896.4348969534
1029.4834838448137,3391.0284919759824,33388.99734405572,82190.81875683424,152982.21648143238
-657.1779852920708,71.8924800266179,1538.5771519282455,4727.1193882203,34567.85654742458
-519.0917556440806,3762.0395234180687,41181.45438937865,71873.64855364735,172920.33263325843
1017.1984567348036,235.1528106030424,2574.095714287104,13831.33144260226,41608.112371425974
-308.7387719751628,707.8060538013938,8000.053600848173,27301.32198037929,93812.30648684257
-1230.8212661869886,3721.318411019915,46349.05532645274,93767.73979251955,293855.6230639354
23.83464482769618,1477.0571457594242,16970.38509710529,50230.9333598939,133979.4374556895
-341.2465640455238,119354.40710694292,624657.5461668996,1229934.438385668,1427783.9821782345
572.6064403312224,79.85696725690154,957.4194782406068,5816.540878128897,26869.214252125985
161.89836614016775,3750.531772106914,39064.36426882063,71305.56490785968,138724.7970006802
-1513.412534176419,2563.950825669961,22731.023303485144,33082.343012235055,73542.15049870353
-132.40160515188828,629.5507025450229,6942.157777645999,19051.161483291162,57778.51377998558
-1063.0214212720957,49.15984226629054,882.4195132015267,4202.90616055761,29937.2145486392
2587.00890478956,280.431118520176,2271.7766432423145,12473.317493972854,22540.03475844572
-764.9508754539968,221.9734250880351,2529.4041746775733,3473.520317375634,22013.23958316689
-1685.8701295987025,1215.1209738020295,12142.880058110954,29458.05906114343,78930.68522952365
-618.0740401912398,2691.4514245543974,26460.61756970036,38022.297786376264,54981.02548742486
-2003.8100263627925,194.37187750537282,1762.1054427663084,6171.911817075701,20583.37617707173
-316.63515636735303,2355.527942108404,15753.704283517296,54785.73521028836,93723.02039754768
603.5626801382913,1903.8331361033377,14153.093902755209,35785.40863111803,69666.5571086544
-770.8309842522426,1298.2561647682378,7306.60385636722,34041.46124629199,80783.55058537745
-2501.7728973991557,3916.957743692437,30672.39773483945,67587.09989659314,129547.11039054215
461.44882734442035,8815.041776014781,39111.22650388714,101649.81466593705,372844.34810655616
-97.8278718359425,14159.605627404171,120214.41847300953,201740.1438397515,432023.1152090714
243.91579543614642,7282.329428923691,79582.81644438827,60239.40191100643,146785.32622074935
-121.34197820590666,2642.9347647958753,14747.938827330372,53246.17148904343,109194.73823484383
-378.66951356875524,149.97049797977866,1388.4885723188595,5848.618733514136,44890.947867737035
-26.250381031421924,553355.7282268436,1770500.3412998994,3916866.1603913815,4238756.045278966
-1147.5969296291278,407.72198894621454,3042.3293764671994,10077.142085988542,36761.40033353155
-1280.4484047474393,149.03936079654866,1176.302924072964,5116.581835363129,15403.733250079524
301.1547981752649,6569.497839622723,57527.85449854943,98252.74633593275,334441.38967978826
125.44863392672994,360989.2596937976,1638666.8291826334,2429531.5637218547,1908702.3568193312
-1374.0063910788822,168865.87144891886,621697.8996055659,1054791.3419786934,1461404.4906227053
65.94326364667145,176.44330276885407,2243.839232900299,12896.345918344377,34936.7511769539
-1492.8570644642316,48.81456283216357,372.86231881155857,2616.6560358816996,16695.991890274083
-984.1397949763068,150.75649585979443,2667.151573047075,12481.717602411627,46094.94489688505
-819.2325655052957,1094.3828088811497,11608.924997791022,32135.871344084735,80294.70688709074
-1371.2107821104462,7619.699426396373,59694.2162928396,96064.1140251687,117915.93443171079
-962.6252639990514,273.74611304863606,2481.294886834353,14282.9346368417,54592.17562224465
-747.9862003795703,1747.591384100775,13023.696199276834,31999.48340581055,67563.97580003527
285.47787283648285,225.02725681347073,1166.0340682692167,4609.500988219168,14414.163332900156
1407.277450667112,48397.26439780723,259215.0887403371,511645.5776864705,776885.1200667389
-532.739341470696,5042.958864908591,32263.61602121764,84655.60949582026,176718.60922752452
6.086611843795296,1233.8382283211538,9614.716540441677,45262.9345618638,97757.07256507843
65.88156437133506,552.7435904589496,2099.8520068468706,15472.082881763547,43217.66508622862
26.358804097930786,20390.693571905347,153090.72444642856,263516.4573529003,373481.31159482204
1039.777319071225,144.2771220988103,2062.1358980076584,6892.944445683807,29693.58574877946
146.77610656123755,95534.28864936293,454414.3575547005,869799.1063505552,1114210.0663985356
-807.6937474671427,66242.00982914412,422874.2881434723,673824.54430201,1156857.797234114
-153.84637412610402,1575.9286540445064,19525.743462728078,42219.17286093144,128813.66518372107
-469.8562995766684,4982.079765546636,28842.986410372818,47177.76635885173,139451.71645945532
334.77655911683064,93.47879932845001,1107.3454478905537,7536.850298567729,34858.886102846096
-115.40229073826004,3733.3452094229724,23803.10145568535,76282.94931191514,161897.4270897117
1175.2121508118494,2016.1433956609926,17196.99437916454,42690.51005035942,79345.65884343111
842.2857713891635,2533.8800113292714,18386.55891030411,41844.17896337877,123955.56712077517
786.6941679811275,11673.104355146163,88634.92716397694,223884.47778362525,406555.7047047891
-888.7849864949045,339.72449405713127,4763.5125124874885,20741.9008274659,75373.87384095564
746.7347597862282,58.89699551243439,739.5329621286794,4207.454830319352,34227.588619224596
-455.58173988397266,2605.673654465075,23602.983283551803,63606.05683793419,56690.56606543562
2239.6458259245783,71.53025415200882,765.6679611543259,4644.869985928299,30443.38866526544
